{
    "vertices":[-7.96986,-1.54709,-7.90777,-7.96986,-1.54709,8.31268,7.96986,-1.54709,8.31268,7.96986,-1.54709,-7.90777,-7.96986,1.54709,-4.88288,-7.96985,1.54709,5.27871,7.96986,1.54709,5.27871,7.96986,1.54709,-4.88288],
    "uvs":[],
    "faces":[33,0,1,2,3,0,0,0,0,33,4,7,6,5,1,1,1,1,33,0,4,5,1,2,2,2,2,33,1,5,6,2,3,3,3,3,33,2,6,7,3,4,4,4,4,33,4,0,3,7,5,5,5,5],
    "name":"CubeGeometry.2",
    "metadata":{
        "normals":6,
        "version":3,
        "uvs":0,
        "faces":6,
        "type":"Geometry",
        "vertices":8,
        "generator":"io_three"
    },
    "normals":[-0,-0,-1,0,0,1,1,-0,0,-0,-0.71402,0.700125,-1,0,-1e-06,0,0.715067,0.699056]
}